[
 {
  "hid":1,
  "sid":"ASySPrac11IrvinLopezSimulink",
  "esid":"",
  "parent":0,
  "children":[
  ],
  "name":"ASySPrac11IrvinLopezSimulink",
  "fullname":"ASySPrac11IrvinLopezSimulink",
  "label":"ASySPrac11IrvinLopezSimulink",
  "className":"Simulink.BlockDiagram",
  "icon":"SimulinkModelIcon_icon",
  "svg":"support/slwebview_files/ASySPrac11IrvinLopezSimulink_d.svg",
  "thumbnail":"support/slwebview_files/ASySPrac11IrvinLopezSimulink_d.png",
  "elements":[
   {
    "sid":"ASySPrac11IrvinLopezSimulink:3",
    "rsid":"ASySPrac11IrvinLopezSimulink:3",
    "name":"Clock",
    "label":"Clock",
    "className":"Simulink.Clock",
    "icon":"BlockIcon_icon"
   },
   {
    "sid":"ASySPrac11IrvinLopezSimulink:38",
    "rsid":"ASySPrac11IrvinLopezSimulink:38",
    "name":"Clock1",
    "label":"Clock1",
    "className":"Simulink.Clock",
    "icon":"BlockIcon_icon"
   },
   {
    "sid":"ASySPrac11IrvinLopezSimulink:35",
    "rsid":"ASySPrac11IrvinLopezSimulink:35",
    "name":"Derivative",
    "label":"Derivative",
    "className":"Simulink.Derivative",
    "icon":"BlockIcon_icon"
   },
   {
    "sid":"ASySPrac11IrvinLopezSimulink:4",
    "rsid":"ASySPrac11IrvinLopezSimulink:4",
    "name":"Fcn",
    "label":"Fcn",
    "className":"Simulink.Fcn",
    "icon":"BlockIcon_icon"
   },
   {
    "sid":"ASySPrac11IrvinLopezSimulink:15",
    "rsid":"ASySPrac11IrvinLopezSimulink:15",
    "name":"Fcn1",
    "label":"Fcn1",
    "className":"Simulink.Fcn",
    "icon":"BlockIcon_icon"
   },
   {
    "sid":"ASySPrac11IrvinLopezSimulink:33",
    "rsid":"ASySPrac11IrvinLopezSimulink:33",
    "name":"Fcn2",
    "label":"Fcn2",
    "className":"Simulink.Fcn",
    "icon":"BlockIcon_icon"
   },
   {
    "sid":"ASySPrac11IrvinLopezSimulink:10",
    "rsid":"ASySPrac11IrvinLopezSimulink:10",
    "name":"Gain",
    "label":"Gain",
    "className":"Simulink.Gain",
    "icon":"BlockIcon_icon"
   },
   {
    "sid":"ASySPrac11IrvinLopezSimulink:11",
    "rsid":"ASySPrac11IrvinLopezSimulink:11",
    "name":"Gain1",
    "label":"Gain1",
    "className":"Simulink.Gain",
    "icon":"BlockIcon_icon"
   },
   {
    "sid":"ASySPrac11IrvinLopezSimulink:28",
    "rsid":"ASySPrac11IrvinLopezSimulink:28",
    "name":"Gain2",
    "label":"Gain2",
    "className":"Simulink.Gain",
    "icon":"BlockIcon_icon"
   },
   {
    "sid":"ASySPrac11IrvinLopezSimulink:29",
    "rsid":"ASySPrac11IrvinLopezSimulink:29",
    "name":"Gain3",
    "label":"Gain3",
    "className":"Simulink.Gain",
    "icon":"BlockIcon_icon"
   },
   {
    "sid":"ASySPrac11IrvinLopezSimulink:7",
    "rsid":"ASySPrac11IrvinLopezSimulink:7",
    "name":"Integrator",
    "label":"Integrator",
    "className":"Simulink.Integrator",
    "icon":"BlockIcon_icon"
   },
   {
    "sid":"ASySPrac11IrvinLopezSimulink:8",
    "rsid":"ASySPrac11IrvinLopezSimulink:8",
    "name":"Integrator1",
    "label":"Integrator1",
    "className":"Simulink.Integrator",
    "icon":"BlockIcon_icon"
   },
   {
    "sid":"ASySPrac11IrvinLopezSimulink:30",
    "rsid":"ASySPrac11IrvinLopezSimulink:30",
    "name":"Integrator2",
    "label":"Integrator2",
    "className":"Simulink.Integrator",
    "icon":"BlockIcon_icon"
   },
   {
    "sid":"ASySPrac11IrvinLopezSimulink:31",
    "rsid":"ASySPrac11IrvinLopezSimulink:31",
    "name":"Integrator3",
    "label":"Integrator3",
    "className":"Simulink.Integrator",
    "icon":"BlockIcon_icon"
   },
   {
    "sid":"ASySPrac11IrvinLopezSimulink:37",
    "rsid":"ASySPrac11IrvinLopezSimulink:37",
    "name":"Scope",
    "label":"Scope",
    "className":"Simulink.Scope",
    "icon":"BlockIcon_icon"
   },
   {
    "sid":"ASySPrac11IrvinLopezSimulink:23",
    "rsid":"ASySPrac11IrvinLopezSimulink:23",
    "name":"Scope1",
    "label":"Scope1",
    "className":"Simulink.Scope",
    "icon":"BlockIcon_icon"
   },
   {
    "sid":"ASySPrac11IrvinLopezSimulink:36",
    "rsid":"ASySPrac11IrvinLopezSimulink:36",
    "name":"Step",
    "label":"Step",
    "className":"Simulink.Step",
    "icon":"BlockIcon_icon"
   },
   {
    "sid":"ASySPrac11IrvinLopezSimulink:18",
    "rsid":"ASySPrac11IrvinLopezSimulink:18",
    "name":"Sum",
    "label":"Sum",
    "className":"Simulink.Sum",
    "icon":"BlockIcon_icon"
   },
   {
    "sid":"ASySPrac11IrvinLopezSimulink:32",
    "rsid":"ASySPrac11IrvinLopezSimulink:32",
    "name":"Sum1",
    "label":"Sum1",
    "className":"Simulink.Sum",
    "icon":"BlockIcon_icon"
   },
   {
    "sid":"ASySPrac11IrvinLopezSimulink:44",
    "rsid":"ASySPrac11IrvinLopezSimulink:44",
    "name":"Transfer Fcn",
    "label":"Transfer Fcn",
    "className":"Simulink.TransferFcn",
    "icon":"BlockIcon_icon"
   },
   {
    "sid":"ASySPrac11IrvinLopezSimulink:1",
    "rsid":"ASySPrac11IrvinLopezSimulink:1",
    "name":"",
    "label":"annotation",
    "className":"Simulink.Annotation",
    "icon":"annotation_icon"
   },
   {
    "sid":"ASySPrac11IrvinLopezSimulink:2",
    "rsid":"ASySPrac11IrvinLopezSimulink:2",
    "name":"",
    "label":"annotation",
    "className":"Simulink.Annotation",
    "icon":"annotation_icon"
   },
   {
    "sid":"ASySPrac11IrvinLopezSimulink:24",
    "rsid":"ASySPrac11IrvinLopezSimulink:24",
    "name":"",
    "label":"annotation",
    "className":"Simulink.Annotation",
    "icon":"annotation_icon"
   },
   {
    "sid":"ASySPrac11IrvinLopezSimulink:25",
    "rsid":"ASySPrac11IrvinLopezSimulink:25",
    "name":"",
    "label":"annotation",
    "className":"Simulink.Annotation",
    "icon":"annotation_icon"
   },
   {
    "sid":"ASySPrac11IrvinLopezSimulink:26",
    "rsid":"ASySPrac11IrvinLopezSimulink:26",
    "name":"",
    "label":"annotation",
    "className":"Simulink.Annotation",
    "icon":"annotation_icon"
   },
   {
    "sid":"ASySPrac11IrvinLopezSimulink:27",
    "rsid":"ASySPrac11IrvinLopezSimulink:27",
    "name":"",
    "label":"annotation",
    "className":"Simulink.Annotation",
    "icon":"annotation_icon"
   },
   {
    "sid":"ASySPrac11IrvinLopezSimulink:39",
    "rsid":"ASySPrac11IrvinLopezSimulink:39",
    "name":"<!DOCTYPE HTML PUBLIC '-//W3C//DTD HTML 4.0//EN' 'http://www.w3.org/TR/REC-html40/strict.dtd'>\n<html>\n<head>\n<meta name=\"qrichtext\" content=\"1\"/>\n<style type=\"text/css\">\np, li { white-space: pre-wrap; }\n</style>\n</head>\n<body style=\" font-family:'Helvetica'; font-size:10px; font-weight:400; font-style:normal;\" align=\"left\">\n<p style=\" margin-top:0px; margin-bottom:0px; margin-left:0px; margin-right:0px; -qt-block-indent:0; text-indent:0px;\" align=\"left\">\n<span style=\" font-family:'MS Shell Dlg 2'; font-size:14px;\">Debido a que en el modelo matematico tenemos derivada de la entrada debemos de considerar las condiciones </span>\n<math style=\"font-size:14px;\">$y(0^+)=1$</math>\n<span style=\" font-family:'MS Shell Dlg 2'; font-size:14px; vertical-align:bottom;\"> y </span>\n<math style=\"font-size:14px;\">$\\dot{y}(0^+)=1$</math>\n</p>\n</body>\n</html>\n",
    "label":"<!DOCTYPE HTML PUBLIC '-//W3C//DTD HTML 4.0//EN' 'http://www.w3.org/TR/REC-html40/strict.dtd'> <html> <head> <meta name=\"qrichtext\" content=\"1\"/> <style type=\"text/css\"> p, li { white-space: pre-wrap; } </style> </head> <body style=\" font-family:'Helvetica'; font-size:10px; font-weight:400; font-style:normal;\" align=\"left\"> <p style=\" margin-top:0px; margin-bottom:0px; margin-left:0px; margin-right:0px; -qt-block-indent:0; text-indent:0px;\" align=\"left\"> <span style=\" font-family:'MS Shell Dlg 2'; font-size:14px;\">Debido a que en el modelo matematico tenemos derivada de la entrada debemos de considerar las condiciones </span> <math style=\"font-size:14px;\">$y(0^+)=1$</math> <span style=\" font-family:'MS Shell Dlg 2'; font-size:14px; vertical-align:bottom;\"> y </span> <math style=\"font-size:14px;\">$\\dot{y}(0^+)=1$</math> </p> </body> </html> ",
    "className":"Simulink.Annotation",
    "icon":"annotation_icon"
   },
   {
    "sid":"ASySPrac11IrvinLopezSimulink:45",
    "rsid":"ASySPrac11IrvinLopezSimulink:45",
    "name":"<!DOCTYPE HTML PUBLIC \"-//W3C//DTD HTML 4.0//EN\" \"http://www.w3.org/TR/REC-html40/strict.dtd\">\n<html><head><meta name=\"qrichtext\" content=\"1\" /><style type=\"text/css\">\np, li { white-space: pre-wrap; }\n</style></head><body align=\"left\" style=\" font-family:'MS Shell Dlg 2'; font-size:14px; font-weight:400; font-style:normal;\">\n<p align=\"left\" style=\" margin-top:0px; margin-bottom:0px; margin-left:0px; margin-right:0px; -qt-block-indent:0; text-indent:0px;\"><span style=\" font-size:14px;\">Al revisar f,i) en el osciloscopio de simulink y ver las graficas de bode poder observar que su valor maximo y por ende valor donde convergen es en 4 lo que coincide con lo dibujado en el scope.</span></p></body></html>",
    "label":"<!DOCTYPE HTML PUBLIC \"-//W3C//DTD HTML 4.0//EN\" \"http://www.w3.org/TR/REC-html40/strict.dtd\"> <html><head><meta name=\"qrichtext\" content=\"1\" /><style type=\"text/css\"> p, li { white-space: pre-wrap; } </style></head><body align=\"left\" style=\" font-family:'MS Shell Dlg 2'; font-size:14px; font-weight:400; font-style:normal;\"> <p align=\"left\" style=\" margin-top:0px; margin-bottom:0px; margin-left:0px; margin-right:0px; -qt-block-indent:0; text-indent:0px;\"><span style=\" font-size:14px;\">Al revisar f,i) en el osciloscopio de simulink y ver las graficas de bode poder observar que su valor maximo y por ende valor donde convergen es en 4 lo que coincide con lo dibujado en el scope.</span></p></body></html>",
    "className":"Simulink.Annotation",
    "icon":"annotation_icon"
   },
   {
    "sid":"ASySPrac11IrvinLopezSimulink:47",
    "rsid":"ASySPrac11IrvinLopezSimulink:47",
    "name":"",
    "label":"annotation",
    "className":"Simulink.Annotation",
    "icon":"annotation_icon"
   },
   {
    "sid":"ASySPrac11IrvinLopezSimulink:4#out:1;line",
    "rsid":"ASySPrac11IrvinLopezSimulink:4#out:1;line",
    "name":"Analitica",
    "label":"Analitica",
    "className":"Simulink.Line",
    "icon":"LineIcon_icon"
   },
   {
    "sid":"ASySPrac11IrvinLopezSimulink:7#out:1;line",
    "rsid":"ASySPrac11IrvinLopezSimulink:7#out:1;line",
    "name":"dy/dt",
    "label":"dy/dt",
    "className":"Simulink.Line",
    "icon":"LineIcon_icon"
   },
   {
    "sid":"ASySPrac11IrvinLopezSimulink:8#out:1;line",
    "rsid":"ASySPrac11IrvinLopezSimulink:8#out:1;line",
    "name":"y(t)",
    "label":"y(t)",
    "className":"Simulink.Line",
    "icon":"LineIcon_icon"
   },
   {
    "sid":"ASySPrac11IrvinLopezSimulink:18#out:1;line",
    "rsid":"ASySPrac11IrvinLopezSimulink:18#out:1;line",
    "name":"",
    "label":"",
    "className":"Simulink.Line",
    "icon":"LineIcon_icon"
   },
   {
    "sid":"ASySPrac11IrvinLopezSimulink:29#out:1;line",
    "rsid":"ASySPrac11IrvinLopezSimulink:29#out:1;line",
    "name":"",
    "label":"",
    "className":"Simulink.Line",
    "icon":"LineIcon_icon"
   },
   {
    "sid":"ASySPrac11IrvinLopezSimulink:32#out:1;line",
    "rsid":"ASySPrac11IrvinLopezSimulink:32#out:1;line",
    "name":"",
    "label":"",
    "className":"Simulink.Line",
    "icon":"LineIcon_icon"
   },
   {
    "sid":"ASySPrac11IrvinLopezSimulink:31#out:1;line",
    "rsid":"ASySPrac11IrvinLopezSimulink:31#out:1;line",
    "name":"y(t)",
    "label":"y(t)",
    "className":"Simulink.Line",
    "icon":"LineIcon_icon"
   },
   {
    "sid":"ASySPrac11IrvinLopezSimulink:30#out:1;line",
    "rsid":"ASySPrac11IrvinLopezSimulink:30#out:1;line",
    "name":"dy/dt",
    "label":"dy/dt",
    "className":"Simulink.Line",
    "icon":"LineIcon_icon"
   },
   {
    "sid":"ASySPrac11IrvinLopezSimulink:28#out:1;line",
    "rsid":"ASySPrac11IrvinLopezSimulink:28#out:1;line",
    "name":"",
    "label":"",
    "className":"Simulink.Line",
    "icon":"LineIcon_icon"
   },
   {
    "sid":"ASySPrac11IrvinLopezSimulink:3#out:1;line",
    "rsid":"ASySPrac11IrvinLopezSimulink:3#out:1;line",
    "name":"",
    "label":"",
    "className":"Simulink.Line",
    "icon":"LineIcon_icon"
   },
   {
    "sid":"ASySPrac11IrvinLopezSimulink:36#out:1;line",
    "rsid":"ASySPrac11IrvinLopezSimulink:36#out:1;line",
    "name":"",
    "label":"",
    "className":"Simulink.Line",
    "icon":"LineIcon_icon"
   },
   {
    "sid":"ASySPrac11IrvinLopezSimulink:35#out:1;line",
    "rsid":"ASySPrac11IrvinLopezSimulink:35#out:1;line",
    "name":"",
    "label":"",
    "className":"Simulink.Line",
    "icon":"LineIcon_icon"
   },
   {
    "sid":"ASySPrac11IrvinLopezSimulink:33#out:1;line",
    "rsid":"ASySPrac11IrvinLopezSimulink:33#out:1;line",
    "name":"Analitica",
    "label":"Analitica",
    "className":"Simulink.Line",
    "icon":"LineIcon_icon"
   },
   {
    "sid":"ASySPrac11IrvinLopezSimulink:38#out:1;line",
    "rsid":"ASySPrac11IrvinLopezSimulink:38#out:1;line",
    "name":"",
    "label":"",
    "className":"Simulink.Line",
    "icon":"LineIcon_icon"
   },
   {
    "sid":"ASySPrac11IrvinLopezSimulink:15#out:1;line",
    "rsid":"ASySPrac11IrvinLopezSimulink:15#out:1;line",
    "name":"Entrada",
    "label":"Entrada",
    "className":"Simulink.Line",
    "icon":"LineIcon_icon"
   },
   {
    "sid":"ASySPrac11IrvinLopezSimulink:10#out:1;line",
    "rsid":"ASySPrac11IrvinLopezSimulink:10#out:1;line",
    "name":"",
    "label":"",
    "className":"Simulink.Line",
    "icon":"LineIcon_icon"
   },
   {
    "sid":"ASySPrac11IrvinLopezSimulink:11#out:1;line",
    "rsid":"ASySPrac11IrvinLopezSimulink:11#out:1;line",
    "name":"",
    "label":"",
    "className":"Simulink.Line",
    "icon":"LineIcon_icon"
   },
   {
    "sid":"ASySPrac11IrvinLopezSimulink:44#out:1;line",
    "rsid":"ASySPrac11IrvinLopezSimulink:44#out:1;line",
    "name":"f,i) Funcion de transferencia",
    "label":"f,i) Funcion de transferencia",
    "className":"Simulink.Line",
    "icon":"LineIcon_icon"
   }
  ],
  "sysViewURL":"support/slwebview_files/ASySPrac11IrvinLopezSimulink_d.json",
  "sameAsElement":false
 }
]